Website,Title,Image,Price,Link,Description,Table
Avand,گوشی موبایل سامسونگ مدل Galaxy A10S ظرفیت 32 گیگابایتSamsung Galaxy A10s 32GB,https://avandmobile.com/wp-content/uploads/2020/11/Avandmobile-Logo.png,,https://avandmobile.com/my-account/lost-password/,"('h2_1', 'همه چیز درباره Samsung Galaxy A10s')","('ابعاد', '156.9×75.8×7.8 میلی متر')"
Avand,,https://avandmobile.com/wp-content/plugins/oreka-search/search/../theme/logo_forms.png,,https://avandmobile.com/,"('h2_2', 'داخل جعبه؛ مفید و مختصر')","('وزن', '168 گرم')"
Avand,,https://avandmobile.com/wp-content/uploads/2020/11/Sumsung-Galaxy-A10s-1-600x600.jpg,,https://www.dolphinai.ir/,"('h2_3', 'طراحی و ساخت؛ ساده و کاربردی')","('سیم کارت', 'دو سیم کارت سایز نانو')"
Avand,,https://avandmobile.com/wp-content/uploads/2020/11/Sumsung-Galaxy-A10s-2black-600x600.jpg,,https://avandmobile.com/my-account/,"('h2_4', 'صفحه\u200cنمایش؛ تصویری در حد انتظار')","('ساختار بدنه', 'پلاستیک و شیشه')"
Avand,,https://avandmobile.com/wp-content/uploads/2020/11/Sumsung-Galaxy-A10s-7-600x600.jpg,,https://avandmobile.com/my-account/wishlists/,"('h2_5', 'اسپیکر؛ صداهایی بدون نویز')","('پردازنده', '(Mediatek MT6762 Helio P22 (12 nmOcta-core 2.0 GHz Cortex-A53')"
Avand,,https://avandmobile.com/wp-content/uploads/2020/11/Sumsung-Galaxy-A10s-6-600x600.jpg,,https://www.instagram.com/avandmobileofficial/,"('h2_6', 'دوربین؛ متمرکز روی سوژه اصلی')","('پردازنده گرافیکی', 'PowerVR GE8320')"
Avand,,https://avandmobile.com/wp-content/uploads/2020/11/Sumsung-Galaxy-A10s-5-600x600.jpg,,https://avandmobile.com/cart/,"('h2_7', 'سخت\u200cافزار؛ در حد انتظار')","('حافظه داخلي', '32 گيگابايت')"
Avand,,https://avandmobile.com/wp-content/uploads/2020/11/Sumsung-Galaxy-A10s-4blue-600x600.jpg,,https://avandmobile.com/,"('h2_8', 'رابط کاربری؛ فقط با دخالت یک دست')","('مقدار رم', '2 گيگابايت')"
Avand,,https://avandmobile.com/wp-content/uploads/2020/11/Sumsung-Galaxy-A10s-3red-600x600.jpg,,https://avandmobile.com/shop/,"('h2_9', 'باتری؛ یک همراه 24\u200cساعته')","('درگاه حافظه', 'قابلیت پشتیبانی از کارت حافظه Micro SD تا 512 گیگابایت(درگاه اختصاصی)')"
Avand,,https://avandmobile.com/wp-content/uploads/2020/11/Sumsung-Galaxy-A10s-1-185x185.jpg,,https://avandmobile.com/product-category/mobile-phone/,"('img_1', 'https://avandmobile.com/wp-content/uploads/2020/11/Samsung-Galaxy-A10s-design.jpg')","('اندازه صفحه نمایش', '6.2 اینچ')"
Avand,,https://avandmobile.com/wp-content/uploads/2020/11/Sumsung-Galaxy-A10s-2black-185x185.jpg,,https://avandmobile.com/product-category/mobile-phone/samsung/,"('img_2', 'https://avandmobile.com/wp-content/uploads/2020/11/Samsung-Galaxy-A10s-unboxing.jpg')","('فناوری صفحه نمایش', 'IPS LCD')"
Avand,,https://avandmobile.com/wp-content/uploads/2020/11/Sumsung-Galaxy-A10s-7-185x185.jpg,,https://avandmobile.com/product-category/mobile-phone/xiaomi/,"('img_3', 'https://avandmobile.com/wp-content/uploads/2020/11/Samsung-Galaxy-A10s-design-1-1024x732.jpg')","('رزولوشن', '1520 × 720 پیکسل')"
Avand,,https://avandmobile.com/wp-content/uploads/2020/11/Sumsung-Galaxy-A10s-6-185x185.jpg,,https://avandmobile.com/product-category/mobile-phone/motorola/,"('img_4', 'https://avandmobile.com/wp-content/uploads/2020/11/Samsung-Galaxy-A10s-ِDisplay-1024x638.jpg')","('شبکه ارتباطی', '2G , 3G , 4G')"
Avand,,https://avandmobile.com/wp-content/uploads/2020/11/Sumsung-Galaxy-A10s-5-185x185.jpg,,https://avandmobile.com/product-category/mobile-phone/apple/,"('img_5', 'https://avandmobile.com/wp-content/uploads/2020/11/Samsung-Galaxy-A10s-Speaker.jpg')","('فناوری ارتباطی', 'Bluetooth, GPRS, Radio, Wi-Fi')"
Avand,,https://avandmobile.com/wp-content/uploads/2020/11/Sumsung-Galaxy-A10s-4blue-185x185.jpg,,https://avandmobile.com/product-category/mobile-phone/nokia/,"('img_6', 'https://avandmobile.com/wp-content/uploads/2020/11/Samsung-Galaxy-A10s-Camera.jpg')","('نسخه بلوتوث', '5.0')"
Avand,,https://avandmobile.com/wp-content/uploads/2020/11/Sumsung-Galaxy-A10s-3red-185x185.jpg,,https://avandmobile.com/product-category/mobile-phone/realme/,"('img_7', 'https://avandmobile.com/wp-content/uploads/2020/11/Mediatek-helio-P22.jpg')","('فناوری مکان یابی', 'A-GPS, GALILEO, GLONASS')"
Avand,,https://avandmobile.com/wp-content/uploads/2020/11/Samsung-Galaxy-A10s-design.jpg,,https://avandmobile.com/product-category/mobile-phone/honor/,"('img_8', 'https://avandmobile.com/wp-content/uploads/2020/11/Samsung-Galaxy-A10s-interface-1024x563.jpg')","('درگاه ارتباطی', 'microUSB')"
Avand,,https://avandmobile.com/wp-content/uploads/2020/11/Samsung-Galaxy-A10s-unboxing.jpg,,https://avandmobile.com/product-category/mobile-phone/daria/,"('img_9', 'https://avandmobile.com/wp-content/uploads/2020/11/Samsung-Galaxy-A10s-Battery-1024x576.jpg')","('دوربین', '13 مگاپیکسل (لنز واید 28 میلی\u200cمتری، فوکوس خودکار، f/1.8)2 مگاپیکسل (f/2.4، سنسور تشخیص عمق تصویر)قابلیت عکاسی HDRقابلیت عکاسی پانورامافلش LED')"
Avand,,https://avandmobile.com/wp-content/uploads/2020/11/Samsung-Galaxy-A10s-design-1-1024x732.jpg,,https://avandmobile.com/product-category/mobile-phone/huawei/,,"('فیلمبرداری', 'رزولوشن 1080 × 1920 و سرعت 30 فریم بر ثانیه (1080p@30FPS)')"
Avand,,https://avandmobile.com/wp-content/uploads/2020/11/Samsung-Galaxy-A10s-ِDisplay-1024x638.jpg,,https://avandmobile.com/product/google-pixel-6a-128-6/,,"('دوربین سلفی', '8 مگاپیکسل')"
Avand,,https://avandmobile.com/wp-content/uploads/2020/11/Samsung-Galaxy-A10s-Speaker.jpg,,https://avandmobile.com/product-category/mobile-phone/wiko/,,"('خروجی صدا', 'جک 3.5 میلی\u200cمتری')"
Avand,,https://avandmobile.com/wp-content/uploads/2020/11/Samsung-Galaxy-A10s-Camera.jpg,,https://avandmobile.com/product-category/mobile-phone/hisense/,,"('سیستم عامل', 'Android Pai 9.0')"
Avand,,https://avandmobile.com/wp-content/uploads/2020/11/Mediatek-helio-P22.jpg,,https://avandmobile.com/product-category/mobile-phone/one-plus/,,"('حسگرها', 'اثرانگشت روی قاب پشتی (FingerPrintRear-Mounted), شتاب\u200cسنج (Accelerometer), مجاورت (Proximity)')"
Avand,,https://avandmobile.com/wp-content/uploads/2020/11/Samsung-Galaxy-A10s-interface-1024x563.jpg,,https://avandmobile.com/product-category/mobile-phone/infinix/,,"('مشخصات باتری', 'باتری با ظرفیت 4000 میلی\u200c آمپر ساعت')"
Avand,,https://avandmobile.com/wp-content/uploads/2020/11/Samsung-Galaxy-A10s-Battery-1024x576.jpg,,https://avandmobile.com/product-category/mobile-phone/vivo/,,"('شرکت سازنده', 'سامسونگ')"
Avand,,https://avandmobile.com/wp-content/uploads/2021/10/1-1-185x185.jpg,,https://avandmobile.com/product-category/mobile-phone/inoi/,,
Avand,,https://avandmobile.com/wp-content/uploads/2021/10/Apple-iPhone-13-Pro-Max-185x185.jpg,,https://avandmobile.com/product-category/mobile-phone/ruggear/,,
Avand,,https://Trustseal.eNamad.ir/logo.aspx?id=309255&Code=zoK0sMbkCriSoUcjpmCb,,https://avandmobile.com/product-category/mobile-phone/lg/,,
Avand,,https://avandmobile.com/wp-content/uploads/2021/02/logo.png,,https://avandmobile.com/product-category/mobile-phone/dox/,,
Avand,,,,https://avandmobile.com/product-category/mobile-phone/gplus/,,
Avand,,,,https://avandmobile.com/product-category/mobile-phone/oppo/,,
Avand,,,,https://avandmobile.com/product-category/mobile-phone/tecno/,,
Avand,,,,https://avandmobile.com/product-category/mobile-phone/caterpillar/,,
Avand,,,,https://avandmobile.com/product-category/mobile-phone/smart/,,
Avand,,,,https://avandmobile.com/product-category/tablet/,,
Avand,,,,https://avandmobile.com/product-category/tablet/?filter_manufacturer=samsung&query_type_manufacturer=or,,
Avand,,,,https://avandmobile.com/product-category/tablet/apple-tablet/,,
Avand,,,,https://avandmobile.com/product-category/tablet/?filter_manufacturer=lenovo&query_type_manufacturer=or,,
Avand,,,,https://avandmobile.com/product-category/tablet/?filter_manufacturer=Nokia&query_type_manufacturer=or,,
Avand,,,,https://avandmobile.com/product-category/tablet/nartab/,,
Avand,,,,https://avandmobile.com/product-category/accessories/,,
Avand,,,,https://avandmobile.com/product-category/accessories/powerbank/,,
Avand,,,,https://avandmobile.com/product-category/accessories/powerbank/ugreen-power/,,
Avand,,,,https://avandmobile.com/product-category/accessories/powerbank/anker/,,
Avand,,,,https://avandmobile.com/product-category/accessories/powerbank/ravpower/,,
Avand,,,,https://avandmobile.com/product-category/accessories/powerbank/xiaomi-powerbank/,,
Avand,,,,https://avandmobile.com/product-category/accessories/charger/,,
Avand,,,,https://avandmobile.com/product-category/accessories/charger/apple-charger/,,
Avand,,,,https://avandmobile.com/product-category/accessories/charger/ugreen-charger/,,
Avand,,,,https://avandmobile.com/product-category/accessories/charger/anker-charger/,,
Avand,,,,https://avandmobile.com/product-category/accessories/charger/baseus/,,
Avand,,,,https://avandmobile.com/product-category/accessories/charger/ravpower-charger/,,
Avand,,,,https://avandmobile.com/product-category/accessories/charger/samsung-charger/,,
Avand,,,,https://avandmobile.com/product-category/accessories/cable/,,
Avand,,,,https://avandmobile.com/product-category/accessories/cable/ugreen-cable/,,
Avand,,,,https://avandmobile.com/product-category/accessories/cable/anker-cable/,,
Avand,,,,https://avandmobile.com/product-category/accessories/cable/ravpower-cable/,,
Avand,,,,https://avandmobile.com/product-category/accessories/cable/jelico/,,
Avand,,,,https://avandmobile.com/product-category/accessories/case-mobile/,,
Avand,,,,https://avandmobile.com/product-category/phone-screen-protector/,,
Avand,,,,https://avandmobile.com/product-category/power-converter/,,
Avand,,,,https://avandmobile.com/product-category/%da%86%d8%b1%d8%a7%d8%ba-%d9%82%d9%88%d9%87/,,
Avand,,,,https://avandmobile.com/product-category/accessories/speaker/,,
Avand,,,,https://avandmobile.com/product-category/accessories/external-hard/,,
Avand,,,,https://avandmobile.com/product-category/usb-flash-memory/,,
Avand,,,,https://avandmobile.com/product-category/accessories/memory-card/,,
Avand,,,,https://avandmobile.com/product-category/accessories/apple-accessories/,,
Avand,,,,https://avandmobile.com/product-category/headphone/,,
Avand,,,,https://avandmobile.com/product-category/headphone/samsung-headphone/,,
Avand,,,,https://avandmobile.com/product-category/headphone/apple-headphone/,,
Avand,,,,https://avandmobile.com/product-category/headphone/ugreen-headphone/,,
Avand,,,,https://avandmobile.com/product-category/headphone/anker-headphone/,,
Avand,,,,https://avandmobile.com/product-category/headphone/qcy/,,
Avand,,,,https://avandmobile.com/product-category/headphone/haylou/,,
Avand,,,,https://avandmobile.com/product-category/headphone/xiaomi-headphone/,,
Avand,,,,https://avandmobile.com/product-category/headphone/huawei-headphone/,,
Avand,,,,https://avandmobile.com/product-category/headphone/1more/,,
Avand,,,,https://avandmobile.com/product-category/headphone/nothing-headphone/,,
Avand,,,,https://avandmobile.com/product-category/headphone/lenovo-headphone/,,
Avand,,,,https://avandmobile.com/product-category/headphone/creative-headphone/,,
Avand,,,,https://avandmobile.com/product-category/headphone/beats/,,
Avand,,,,https://avandmobile.com/product-category/headphone/jelico-headphone/,,
Avand,,,,https://avandmobile.com/product-category/headphone/honor-headphone/,,
Avand,,,,https://avandmobile.com/product-category/headphone/realfit/,,
Avand,,,,https://avandmobile.com/product-category/smart-watches-and-wristbands/,,
Avand,,,,https://avandmobile.com/product-category/smart-watches-and-wristbands/apple-smart-watches-and-wristbands/,,
Avand,,,,https://avandmobile.com/product-category/smart-watches-and-wristbands/samsung-smart-watches-and-wristbands/,,
Avand,,,,https://avandmobile.com/product-category/smart-watches-and-wristbands/xiaomi-smart-watches-and-wristbands/,,
Avand,,,,https://avandmobile.com/product-category/smart-watches-and-wristbands/blackview/,,
Avand,,,,https://avandmobile.com/product-category/smart-watches-and-wristbands/amazfit/,,
Avand,,,,https://avandmobile.com/product-category/smart-watches-and-wristbands/huawei-smart-watches-and-wristbands/,,
Avand,,,,https://avandmobile.com/product-category/smart-watches-and-wristbands/haylou-smart-watches-and-wristbands/,,
Avand,,,,https://avandmobile.com/product-category/smart-watches-and-wristbands/honor-smart-watches-and-wristbands/,,
Avand,,,,https://avandmobile.com/product-category/smart-watches-and-wristbands/1more-smart-watches-and-wristbands/,,
Avand,,,,https://avandmobile.com/list-mobile/,,
Avand,,,,https://avandmobile.com/list-mobile-samsung/,,
Avand,,,,https://avandmobile.com/list-mobile-xiaomi/,,
Avand,,,,https://avandmobile.com/list-mobile-honor/,,
Avand,,,,https://avandmobile.com/mag,,
Avand,,,,https://avandmobile.com/product-tag/love/,,
Avand,,,,https://avandmobile.com/product-category/openbox/,,
Avand,,,,https://avandmobile.com/contact-us/,,
Avand,,,,#,,
Avand,,,,https://avandmobile.com/,,
Avand,,,,https://avandmobile.com/shop/,,
Avand,,,,https://avandmobile.com/product-category/mobile-phone/,,
Avand,,,,https://avandmobile.com/product-category/mobile-phone/samsung/,,
Avand,,,,https://avandmobile.com/product-category/mobile-phone/xiaomi/,,
Avand,,,,https://avandmobile.com/product-category/mobile-phone/motorola/,,
Avand,,,,https://avandmobile.com/product-category/mobile-phone/apple/,,
Avand,,,,https://avandmobile.com/product-category/mobile-phone/nokia/,,
Avand,,,,https://avandmobile.com/product-category/mobile-phone/realme/,,
Avand,,,,https://avandmobile.com/product-category/mobile-phone/honor/,,
Avand,,,,https://avandmobile.com/product-category/mobile-phone/daria/,,
Avand,,,,https://avandmobile.com/product-category/mobile-phone/huawei/,,
Avand,,,,https://avandmobile.com/product/google-pixel-6a-128-6/,,
Avand,,,,https://avandmobile.com/product-category/mobile-phone/wiko/,,
Avand,,,,https://avandmobile.com/product-category/mobile-phone/hisense/,,
Avand,,,,https://avandmobile.com/product-category/mobile-phone/one-plus/,,
Avand,,,,https://avandmobile.com/product-category/mobile-phone/infinix/,,
Avand,,,,https://avandmobile.com/product-category/mobile-phone/vivo/,,
Avand,,,,https://avandmobile.com/product-category/mobile-phone/inoi/,,
Avand,,,,https://avandmobile.com/product-category/mobile-phone/ruggear/,,
Avand,,,,https://avandmobile.com/product-category/mobile-phone/lg/,,
Avand,,,,https://avandmobile.com/product-category/mobile-phone/dox/,,
Avand,,,,https://avandmobile.com/product-category/mobile-phone/gplus/,,
Avand,,,,https://avandmobile.com/product-category/mobile-phone/oppo/,,
Avand,,,,https://avandmobile.com/product-category/mobile-phone/tecno/,,
Avand,,,,https://avandmobile.com/product-category/mobile-phone/caterpillar/,,
Avand,,,,https://avandmobile.com/product-category/mobile-phone/smart/,,
Avand,,,,https://avandmobile.com/product-category/tablet/,,
Avand,,,,https://avandmobile.com/product-category/tablet/?filter_manufacturer=samsung&query_type_manufacturer=or,,
Avand,,,,https://avandmobile.com/product-category/tablet/apple-tablet/,,
Avand,,,,https://avandmobile.com/product-category/tablet/?filter_manufacturer=lenovo&query_type_manufacturer=or,,
Avand,,,,https://avandmobile.com/product-category/tablet/?filter_manufacturer=Nokia&query_type_manufacturer=or,,
Avand,,,,https://avandmobile.com/product-category/tablet/nartab/,,
Avand,,,,https://avandmobile.com/product-category/accessories/,,
Avand,,,,https://avandmobile.com/product-category/accessories/powerbank/,,
Avand,,,,https://avandmobile.com/product-category/accessories/powerbank/ugreen-power/,,
Avand,,,,https://avandmobile.com/product-category/accessories/powerbank/anker/,,
Avand,,,,https://avandmobile.com/product-category/accessories/powerbank/ravpower/,,
Avand,,,,https://avandmobile.com/product-category/accessories/powerbank/xiaomi-powerbank/,,
Avand,,,,https://avandmobile.com/product-category/accessories/charger/,,
Avand,,,,https://avandmobile.com/product-category/accessories/charger/apple-charger/,,
Avand,,,,https://avandmobile.com/product-category/accessories/charger/ugreen-charger/,,
Avand,,,,https://avandmobile.com/product-category/accessories/charger/anker-charger/,,
Avand,,,,https://avandmobile.com/product-category/accessories/charger/baseus/,,
Avand,,,,https://avandmobile.com/product-category/accessories/charger/ravpower-charger/,,
Avand,,,,https://avandmobile.com/product-category/accessories/charger/samsung-charger/,,
Avand,,,,https://avandmobile.com/product-category/accessories/cable/,,
Avand,,,,https://avandmobile.com/product-category/accessories/cable/ugreen-cable/,,
Avand,,,,https://avandmobile.com/product-category/accessories/cable/anker-cable/,,
Avand,,,,https://avandmobile.com/product-category/accessories/cable/ravpower-cable/,,
Avand,,,,https://avandmobile.com/product-category/accessories/cable/jelico/,,
Avand,,,,https://avandmobile.com/product-category/accessories/case-mobile/,,
Avand,,,,https://avandmobile.com/product-category/phone-screen-protector/,,
Avand,,,,https://avandmobile.com/product-category/power-converter/,,
Avand,,,,https://avandmobile.com/product-category/%da%86%d8%b1%d8%a7%d8%ba-%d9%82%d9%88%d9%87/,,
Avand,,,,https://avandmobile.com/product-category/accessories/speaker/,,
Avand,,,,https://avandmobile.com/product-category/accessories/external-hard/,,
Avand,,,,https://avandmobile.com/product-category/usb-flash-memory/,,
Avand,,,,https://avandmobile.com/product-category/accessories/memory-card/,,
Avand,,,,https://avandmobile.com/product-category/accessories/apple-accessories/,,
Avand,,,,https://avandmobile.com/product-category/headphone/,,
Avand,,,,https://avandmobile.com/product-category/headphone/samsung-headphone/,,
Avand,,,,https://avandmobile.com/product-category/headphone/apple-headphone/,,
Avand,,,,https://avandmobile.com/product-category/headphone/ugreen-headphone/,,
Avand,,,,https://avandmobile.com/product-category/headphone/anker-headphone/,,
Avand,,,,https://avandmobile.com/product-category/headphone/qcy/,,
Avand,,,,https://avandmobile.com/product-category/headphone/haylou/,,
Avand,,,,https://avandmobile.com/product-category/headphone/xiaomi-headphone/,,
Avand,,,,https://avandmobile.com/product-category/headphone/huawei-headphone/,,
Avand,,,,https://avandmobile.com/product-category/headphone/1more/,,
Avand,,,,https://avandmobile.com/product-category/headphone/nothing-headphone/,,
Avand,,,,https://avandmobile.com/product-category/headphone/lenovo-headphone/,,
Avand,,,,https://avandmobile.com/product-category/headphone/creative-headphone/,,
Avand,,,,https://avandmobile.com/product-category/headphone/beats/,,
Avand,,,,https://avandmobile.com/product-category/headphone/jelico-headphone/,,
Avand,,,,https://avandmobile.com/product-category/headphone/honor-headphone/,,
Avand,,,,https://avandmobile.com/product-category/headphone/realfit/,,
Avand,,,,https://avandmobile.com/product-category/smart-watches-and-wristbands/,,
Avand,,,,https://avandmobile.com/product-category/smart-watches-and-wristbands/apple-smart-watches-and-wristbands/,,
Avand,,,,https://avandmobile.com/product-category/smart-watches-and-wristbands/samsung-smart-watches-and-wristbands/,,
Avand,,,,https://avandmobile.com/product-category/smart-watches-and-wristbands/xiaomi-smart-watches-and-wristbands/,,
Avand,,,,https://avandmobile.com/product-category/smart-watches-and-wristbands/blackview/,,
Avand,,,,https://avandmobile.com/product-category/smart-watches-and-wristbands/amazfit/,,
Avand,,,,https://avandmobile.com/product-category/smart-watches-and-wristbands/huawei-smart-watches-and-wristbands/,,
Avand,,,,https://avandmobile.com/product-category/smart-watches-and-wristbands/haylou-smart-watches-and-wristbands/,,
Avand,,,,https://avandmobile.com/product-category/smart-watches-and-wristbands/honor-smart-watches-and-wristbands/,,
Avand,,,,https://avandmobile.com/product-category/smart-watches-and-wristbands/1more-smart-watches-and-wristbands/,,
Avand,,,,https://avandmobile.com/list-mobile/,,
Avand,,,,https://avandmobile.com/list-mobile-samsung/,,
Avand,,,,https://avandmobile.com/list-mobile-xiaomi/,,
Avand,,,,https://avandmobile.com/list-mobile-honor/,,
Avand,,,,https://avandmobile.com/mag,,
Avand,,,,https://avandmobile.com/product-tag/love/,,
Avand,,,,https://avandmobile.com/product-category/openbox/,,
Avand,,,,https://avandmobile.com/contact-us/,,
Avand,,,,#,,
Avand,,,,https://avandmobile.com,,
Avand,,,,https://avandmobile.com/product-category/mobile-phone/,,
Avand,,,,https://avandmobile.com/product-category/mobile-phone/samsung/,,
Avand,,,,https://avandmobile.com/wp-content/uploads/2020/11/Sumsung-Galaxy-A10s-1.jpg,,
Avand,,,,https://avandmobile.com/wp-content/uploads/2020/11/Sumsung-Galaxy-A10s-2black.jpg,,
Avand,,,,https://avandmobile.com/wp-content/uploads/2020/11/Sumsung-Galaxy-A10s-7.jpg,,
Avand,,,,https://avandmobile.com/wp-content/uploads/2020/11/Sumsung-Galaxy-A10s-6.jpg,,
Avand,,,,https://avandmobile.com/wp-content/uploads/2020/11/Sumsung-Galaxy-A10s-5.jpg,,
Avand,,,,https://avandmobile.com/wp-content/uploads/2020/11/Sumsung-Galaxy-A10s-4blue.jpg,,
Avand,,,,https://avandmobile.com/wp-content/uploads/2020/11/Sumsung-Galaxy-A10s-3red.jpg,,
Avand,,,,https://www.aparat.com/video/video/embed/videohash/vYkqu/vt/frame,,
Avand,,,,#popup-share-wrap,,
Avand,,,,https://www.facebook.com/sharer/sharer.php?u=https://avandmobile.com/product/samsung-galaxy-a10s-32g/&t=گوشی موبایل سامسونگ مدل Galaxy A10S ظرفیت 32 گیگابایت,,
Avand,,,,https://twitter.com/share?url=https://avandmobile.com/product/samsung-galaxy-a10s-32g/,,
Avand,,,,https://telegram.me/share/url?url=https://avandmobile.com/product/samsung-galaxy-a10s-32g/&title=گوشی موبایل سامسونگ مدل Galaxy A10S ظرفیت 32 گیگابایت,,
Avand,,,,https://wa.me?text=https%3A%2F%2Favandmobile.com%2Fproduct%2Fsamsung-galaxy-a10s-32g%2F,,
Avand,,,,javascript:void(0);,,
Avand,,,,https://avandmobile.com/product_brand/samsung/,,
Avand,,,,https://avandmobile.com/product-category/mobile-phone/samsung/,,
Avand,,,,https://avandmobile.com/product-category/mobile-phone/,,
Avand,,,,javascript:void(0),,
Avand,,,,#,,
Avand,,,,#,,
Avand,,,,#,,
Avand,,,,#,,
Avand,,,,,,
Avand,,,,#,,
Avand,,,,#tab-description,,
Avand,,,,#tab-additional_information,,
Avand,,,,#tab-review_p_tab,,
Avand,,,,#tab-reviews,,
Avand,,,,https://avandmobile.com/product-tag/takhfif1401/,,
Avand,,,,/product/samsung-galaxy-a10s-32g/#respond,,
Avand,,,,https://avandmobile.com/product/%d9%8eapple-iphone-13-128-note-active-ch/,,
Avand,,,,https://avandmobile.com/product/%d9%8eapple-iphone-13-128-note-active-ch/,,
Avand,,,,javascript:void(0),,
Avand,,,,https://avandmobile.com/product/%d9%8eapple-iphone-13-128-note-active-ch/,,
Avand,,,,https://avandmobile.com/cart/,,
Avand,,,,#,,
Avand,,,,https://trustseal.enamad.ir/?id=309255&Code=zoK0sMbkCriSoUcjpmCb,,
Avand,,,,https://avandmobile.com/order/,,
Avand,,,,https://avandmobile.com/how-to-register-your-smart-phone/,,
Avand,,,,https://avandmobile.com/send-order/,,
Avand,,,,https://avandmobile.com/goods-recovery-procedure/,,
Avand,,,,https://avandmobile.com/question-and-answer/,,
Avand,,,,https://avandmobile.com/ezpay/,,
Avand,,,,https://avandmobile.com/warranty/,,
Avand,,,,https://avandmobile.com/career/,,
Avand,,,,https://avandmobile.com/mag,,
Avand,,,,https://tipaxco.com/tracking,,
Avand,,,,https://tracking.post.ir/,,
Avand,,,,https://avandmobile.com/order_tracking/,,
Avand,,,,https://avandmobile.com/terms/,,
Avand,,,,https://avandmobile.com/avand-mobile-benefits/,,
Avand,,,,https://avandmobile.com/about/,,
Avand,,,,https://avandmobile.com/privacy/,,
Avand,,,,https://avandmobile.com/product/%d9%87%d8%af%d9%81%d9%88%d9%86-%d8%a8%db%8c-%d8%b3%db%8c%d9%85-%da%a9%db%8c%d9%88-%d8%b3%db%8c-%d9%88%d8%a7%db%8c-%d9%85%d8%af%d9%84-qcy-t13-anc/,,
Avand,,,,https://avandmobile.com/product/xiaomi-note-12-128-6/,,
Avand,,,,https://avandmobile.com/product/mibro-watch-lite-2/,,
Avand,,,,https://avandmobile.com/product/samsung-galaxy-a54-128-8/,,
Avand,,,,#,,
Avand,,,,https://avandmobile.com/product/samsung-a24-128-6/,,
Avand,,,,https://avandmobile.com/product/xiaomi-redmi-note-12-pro-256-8/,,
Avand,,,,https://www.instagram.com/avandmobileofficial/,,
Avand,,,,https://www.youtube.com/channel/UC3LOuRRvoix1Zd4uagJ4-qQ,,
Avand,,,,https://www.aparat.com/Avandmobile,,
Avand,,,,http://www.mahdisweb.net,,
Ecell,گلس اپل واچ 45 میلی متری گرین لاین hd,https://www.ecell.ir/wp-content/uploads/2023/11/logo.png,500.000تومانقیمت اصلی 500.000 تومان بود.400.000تومانقیمت فعلی 400.000 تومان است.,https://www.ecell.ir/,,"('محافظت تمام صفحه', 'دارد')"
Ecell,,https://www.ecell.ir/wp-content/uploads/2023/11/ورود-و-ثبت-نام.svg,,https://www.ecell.ir/my-account/,,"('سایر ویژگی ها', 'سازگاری با تمامی کیس و کیف های موجود مقاومت بسیار بالا در برابر خط و خش مقاوم در برابر اثر انگشت، قطرات آب،چربی عدم کاهش حساسیت تاچ صفحه نمایش دارای وضوح و شفافیت بسیار بالا با قابلیت رد کردن 99 درصد نور از صفحه نمایش به چشم بیننده دارای لبه هایی خمیده مقاوم در برابر ایجاد حباب (Zero Bubble)')"
Ecell,,https://www.ecell.ir/wp-content/uploads/2023/11/logo.png,,https://www.ecell.ir/cart/,,
Ecell,,https://www.ecell.ir/wp-content/uploads/2023/12/icon.02-37.svg,,#,,
Ecell,,https://www.ecell.ir/wp-content/uploads/2023/12/موبایل-01-32x32.png,,https://www.ecell.ir/,,
Ecell,,https://www.ecell.ir/wp-content/uploads/2023/12/اکسسوری-موبایل-01-32x32.png,,https://www.ecell.ir/cart/,,
Ecell,,https://www.ecell.ir/wp-content/uploads/2023/12/حافظه-01-32x32.png,,#,,
Ecell,,https://www.ecell.ir/wp-content/uploads/2023/12/قیمت-32x32.png,,#,,
Ecell,,https://www.ecell.ir/wp-content/uploads/2023/12/icon.02-34.svg,,#,,
Ecell,,https://www.ecell.ir/wp-content/uploads/2023/12/تبلت-01-01-32x32.png,,#,,
Ecell,,https://www.ecell.ir/wp-content/uploads/2023/12/اکسسوری-تبلت-01-32x32.png,,/category/mobile-phone/,,
Ecell,,https://www.ecell.ir/wp-content/uploads/2023/12/حافظه-01-32x32.png,,/category/mobile-phone/apple-phone/,,
Ecell,,https://www.ecell.ir/wp-content/uploads/2023/12/قیمت-32x32.png,,/category/mobile-phone/samsung-phone/,,
Ecell,,https://www.ecell.ir/wp-content/uploads/2023/12/Untitled-1-21.png,,/category/mobile-phone/xiaomi-phone/,,
Ecell,,https://www.ecell.ir/wp-content/uploads/2023/12/icon.02-38.svg,,/category/mobile-phone/realme-phone/,,
Ecell,,https://www.ecell.ir/wp-content/uploads/2023/12/ساعت-01-32x32.png,,/category/mobile-phone/huawei-phone/,,
Ecell,,https://www.ecell.ir/wp-content/uploads/2023/12/اکسسوری-ساعت-01-32x32.png,,/category/mobile-phone/daria-phone/,,
Ecell,,https://www.ecell.ir/wp-content/uploads/2023/12/قیمت-32x32.png,,/category/mobile-phone/nothing-phone/,,
Ecell,,https://www.ecell.ir/wp-content/uploads/2023/12/icon.02-33.svg,,/category/mobile-phone/oneplus-phone/,,
Ecell,,https://www.ecell.ir/wp-content/uploads/2023/12/هدفون-01-32x32.png,,#,,
Ecell,,https://www.ecell.ir/wp-content/uploads/2023/12/اکسسوری-هدفون-01-32x32.png,,#,,
Ecell,,https://www.ecell.ir/wp-content/uploads/2023/12/هدفون-بر-اساس-کاربرد-32x32.png,,/category/mobile-phone/orod-phone/,,
Ecell,,https://www.ecell.ir/wp-content/uploads/2023/12/قیمت-32x32.png,,/category/mobile-phone/gplus-phone/,,
Ecell,,https://www.ecell.ir/wp-content/uploads/2023/12/پاور-بانک.svg,,/category/mobile-phone/lg-phone/,,
Ecell,,https://www.ecell.ir/wp-content/uploads/2023/12/پاور-بانک-32x32.png,,/category/mobile-phone/motorola-phone/,,
Ecell,,https://www.ecell.ir/wp-content/uploads/2023/12/اوربانک-بر-اساس-کار-برد-32x32.png,,/category/mobile-phone/nokia-phone/,,
Ecell,,https://www.ecell.ir/wp-content/uploads/2023/12/icon.02-36.svg,,/category/mobile-phone/infinix-phone/,,
Ecell,,https://www.ecell.ir/wp-content/uploads/2023/12/اکسسوری-موبایل-01-32x32.png,,/category/mobile-phone/honor-phone/,,
Ecell,,https://www.ecell.ir/wp-content/uploads/2023/12/اکسسوری-تبلت-01-32x32.png,,/category/accessories/,,
Ecell,,https://www.ecell.ir/wp-content/uploads/2023/12/اکسسوری-ساعت-01-32x32.png,,/category/accessories/phone-screen-protector/,,
Ecell,,https://www.ecell.ir/wp-content/uploads/2023/12/اکسسوری-هدفون-01-32x32.png,,/category/accessories/phone-frame-and-cover/,,
Ecell,,https://www.ecell.ir/wp-content/uploads/2023/12/اسیکر-بر-اساس-کاربرد-32x32.png,,/category/accessories/charger/,,
Ecell,,https://www.ecell.ir/wp-content/uploads/2023/12/icon.02-35.svg,,/category/accessories/memory-cards/,,
Ecell,,https://www.ecell.ir/wp-content/uploads/2023/12/اسییکر-32x32.png,,/category/accessories/phone-holder/,,
Ecell,,https://www.ecell.ir/wp-content/uploads/2023/12/کنسول-58-32x32.png,,/category/accessories/power-protector-plug/,,
Ecell,,https://www.ecell.ir/wp-content/uploads/2023/12/اسیکر-بر-اساس-کاربرد-32x32.png,,/category/accessories/cables-converter/,,
Ecell,,https://www.ecell.ir/wp-content/uploads/2023/12/ایسل-مگ.svg,,/category/accessories/camera-protector/,,
Ecell,,https://www.ecell.ir/wp-content/uploads/2024/02/apple-watch-45mm-greenlion-hd-glass-600x600.jpg,,#,,
Ecell,,https://www.ecell.ir/wp-content/themes/ecell/images/lazy.png,,#,,
Ecell,,https://www.ecell.ir/wp-content/themes/ecell/images/lazy.png,,#,,
Ecell,,https://www.ecell.ir/wp-content/themes/ecell/images/lazy.png,,#,,
Ecell,,https://www.ecell.ir/wp-content/themes/ecell/images/lazy.png,,#,,
Ecell,,https://www.ecell.ir/wp-content/themes/ecell/images/lazy.png,,#,,
Ecell,,https://www.ecell.ir/wp-content/themes/ecell/images/lazy.png,,#,,
Ecell,,https://www.ecell.ir/wp-content/themes/ecell/images/lazy.png,,#,,
Ecell,,https://www.ecell.ir/wp-content/themes/ecell/images/lazy.png,,#,,
Ecell,,https://www.ecell.ir/wp-content/themes/ecell/images/lazy.png,,#,,
Ecell,,https://www.ecell.ir/wp-content/themes/ecell/images/lazy.png,,#,,
Ecell,,https://Trustseal.eNamad.ir/logo.aspx?id=204502&Code=waEa2qdb0N2jDM7X5V0o,,/category/mobile-phone/?min_price=0&max_price=2000000,,
Ecell,,"data:image/svg+xml;base64,PHN2ZyB3aWR0aD0iMjQwIiBoZWlnaHQ9IjM2MCIgeG1sbnM9Imh0dHA6Ly93d3cudzMub3JnLzIwMDAvc3ZnIj4KCTxwYXRoIGQ9Im0xMjAgMjQzbDk0LTU0IDAtMTA5IC05NCA1NCAwIDEwOSAwIDB6IiBmaWxsPSIjODA4Mjg1Ii8+Cgk8cGF0aCBkPSJtMTIwIDI1NGwtMTAzLTYwIDAtMTE5IDEwMy02MCAxMDMgNjAgMCAxMTkgLTEwMyA2MHoiIHN0eWxlPSJmaWxsOm5vbmU7c3Ryb2tlLWxpbmVqb2luOnJvdW5kO3N0cm9rZS13aWR0aDo1O3N0cm9rZTojMDBhZWVmIi8+Cgk8cGF0aCBkPSJtMjE0IDgwbC05NC01NCAtOTQgNTQgOTQgNTQgOTQtNTR6IiBmaWxsPSIjMDBhZWVmIi8+Cgk8cGF0aCBkPSJtMjYgODBsMCAxMDkgOTQgNTQgMC0xMDkgLTk0LTU0IDAgMHoiIGZpbGw9IiM1ODU5NWIiLz4KCTxwYXRoIGQ9Im0xMjAgMTU3bDQ3LTI3IDAtMjMgLTQ3LTI3IC00NyAyNyAwIDU0IDQ3IDI3IDQ3LTI3IiBzdHlsZT0iZmlsbDpub25lO3N0cm9rZS1saW5lY2FwOnJvdW5kO3N0cm9rZS1saW5lam9pbjpyb3VuZDtzdHJva2Utd2lkdGg6MTU7c3Ryb2tlOiNmZmYiLz4KCTx0ZXh0IHg9IjE1IiB5PSIzMDAiIGZvbnQtc2l6ZT0iMjVweCIgZm9udC1mYW1pbHk9IidCIFlla2FuJyIgc3R5bGU9ImZpbGw6IzI5Mjk1Mjtmb250LXdlaWdodDpib2xkIj7Yudi22Ygg2KfYqtit2KfYr9uM2Ycg2qnYtNmI2LHbjDwvdGV4dD4KCTx0ZXh0IHg9IjgiIHk9IjM0MyIgZm9udC1zaXplPSIyNXB4IiBmb250LWZhbWlseT0iJ0IgWWVrYW4nIiBzdHlsZT0iZmlsbDojMjkyOTUyO2ZvbnQtd2VpZ2h0OmJvbGQiPtqp2LPYqCDZiCDaqdin2LHZh9in24wg2YXYrNin2LLbjDwvdGV4dD4KPC9zdmc+ ",,/category/mobile-phone/?min_price=0&max_price=4000000,,
Ecell,,https://www.ecell.ir/wp-content/uploads/2023/11/موبایل.svg,,/category/mobile-phone/?min_price=0&max_price=7000000,,
Ecell,,https://www.ecell.ir/wp-content/uploads/2023/11/تبلت.svg,,http://category/mobile-phone/?min_price=0&max_price=15000000,,
Ecell,,https://www.ecell.ir/wp-content/uploads/2023/11/ساعت-هوشمند.svg,,/category/mobile-phone/?min_price=0&max_price=25000000,,
Ecell,,https://www.ecell.ir/wp-content/uploads/2023/11/هدفون.svg,,/category/mobile-phone/?min_price=0&max_price=40000000,,
Ecell,,https://www.ecell.ir/wp-content/uploads/2023/11/اوربانک.svg,,#,,
Ecell,,https://www.ecell.ir/wp-content/uploads/2023/11/لبتاپ.svg,,#,,
Ecell,,https://www.ecell.ir/wp-content/uploads/2023/11/اکسسوری.svg,,#,,
Ecell,,https://www.ecell.ir/wp-content/uploads/2023/11/صوتی-تصویری.svg,,#,,
Ecell,,https://www.ecell.ir/wp-content/uploads/2024/02/apple-watch-45mm-greenlion-hd-glass-300x300.jpg,,/category/tablet/,,
Ecell,,https://www.ecell.ir/wp-content/uploads/2023/11/دسته-بندی.svg,,/category/tablet/apple-tablet/,,
Ecell,,https://www.ecell.ir/wp-content/uploads/2023/11/home.svg,,/category/tablet/tablet-samsung/,,
Ecell,,https://www.ecell.ir/wp-content/uploads/2023/11/حساب-کاربری.svg,,/category/tablet/xiaomi-tablet/,,
Ecell,,,,/category/tablet/huawei-tablet/,,
Ecell,,,,/category/tablet/nartab-tablet/,,
Ecell,,,,/category/tablet/lenovo-tablet/,,
Ecell,,,,#,,
Ecell,,,,#,,
Ecell,,,,#,,
Ecell,,,,#,,
Ecell,,,,#,,
Ecell,,,,#,,
Ecell,,,,#,,
Ecell,,,,#,,
Ecell,,,,#,,
Ecell,,,,#,,
Ecell,,,,#,,
Ecell,,,,#,,
Ecell,,,,#,,
Ecell,,,,#,,
Ecell,,,,#,,
Ecell,,,,#,,
Ecell,,,,#,,
Ecell,,,,#,,
Ecell,,,,#,,
Ecell,,,,#,,
Ecell,,,,#,,
Ecell,,,,#,,
Ecell,,,,#,,
Ecell,,,,/category/band-and-watch/,,
Ecell,,,,/category/band-and-watch/apple-watch/,,
Ecell,,,,/category/band-and-watch/samsung-galaxy-watch/,,
Ecell,,,,/category/band-and-watch/xiaomi-watch/,,
Ecell,,,,/category/band-and-watch/huawei-watch/,,
Ecell,,,,/category/band-and-watch/amazfit-smart-watch/,,
Ecell,,,,/category/band-and-watch/haylou-watch/,,
Ecell,,,,/category/band-and-watch/kieslect-watch/,,
Ecell,,,,/category/band-and-watch/imilab-watch/,,
Ecell,,,,/category/band-and-watch/watch-accessories/smart-watch-band/,,
Ecell,,,,/category/band-and-watch/watch-accessories/smart-watch-cover/,,
Ecell,,,,/category/band-and-watch/watch-accessories/watch-screen-protector/,,
Ecell,,,,#,,
Ecell,,,,#,,
Ecell,,,,#,,
Ecell,,,,#,,
Ecell,,,,#,,
Ecell,,,,#,,
Ecell,,,,#,,
Ecell,,,,#,,
Ecell,,,,#,,
Ecell,,,,/category/headphone-headset-handsfree/,,
Ecell,,,,/category/headphone-headset-handsfree/apple-headphone/,,
Ecell,,,,/category/headphone-headset-handsfree/samsung-headphone/,,
Ecell,,,,/category/headphone-headset-handsfree/xiaomi-handsfree/,,
Ecell,,,,/category/headphone-headset-handsfree/huawei-headphone/,,
Ecell,,,,/category/headphone-headset-handsfree/haylou-handsfree/,,
Ecell,,,,/category/headphone-headset-handsfree/qcy-handsfree/,,
Ecell,,,,/category/headphone-headset-handsfree/baseus-handsfree/,,
Ecell,,,,/category/headphone-headset-handsfree/tesco-headphones/,,
Ecell,,,,/category/headphone-headset-handsfree/anker-handsfree/,,
Ecell,,,,/category/headphone-headset-handsfree/recci-handsfree/,,
Ecell,,,,/category/headphone-headset-handsfree/1more-handsfree/,,
Ecell,,,,#,,
Ecell,,,,#,,
Ecell,,,,#,,
Ecell,,,,#,,
Ecell,,,,#,,
Ecell,,,,#,,
Ecell,,,,#,,
Ecell,,,,#,,
Ecell,,,,#,,
Ecell,,,,#,,
Ecell,,,,#,,
Ecell,,,,#,,
Ecell,,,,/category/power-bank/,,
Ecell,,,,/category/power-bank/xiaomi-power-bank/,,
Ecell,,,,/category/power-bank/baseus-power-bank/,,
Ecell,,,,/category/power-bank/anker-power-bank/,,
Ecell,,,,/category/power-bank/samsung-powerbank/,,
Ecell,,,,#,,
Ecell,,,,#,,
Ecell,,,,#,,
Ecell,,,,#,,
Ecell,,,,#,,
Ecell,,,,#,,
Ecell,,,,#,,
Ecell,,,,#,,
Ecell,,,,#,,
Ecell,,,,/category/accessories/,,
Ecell,,,,/category/accessories/phone-screen-protector/,,
Ecell,,,,/category/accessories/phone-frame-and-cover/,,
Ecell,,,,/category/accessories/charger/,,
Ecell,,,,/category/accessories/memory-cards/,,
Ecell,,,,/category/accessories/phone-holder/,,
Ecell,,,,/category/accessories/power-protector-plug/,,
Ecell,,,,/category/accessories/cables-converter/,,
Ecell,,,,/category/accessories/camera-protector/,,
Ecell,,,,#,,
Ecell,,,,#,,
Ecell,,,,#,,
Ecell,,,,#,,
Ecell,,,,#,,
Ecell,,,,/category/band-and-watch/watch-accessories/smart-watch-band/,,
Ecell,,,,/category/band-and-watch/watch-accessories/smart-watch-cover/,,
Ecell,,,,/category/band-and-watch/watch-accessories/watch-screen-protector/,,
Ecell,,,,#,,
Ecell,,,,#,,
Ecell,,,,#,,
Ecell,,,,#,,
Ecell,,,,#,,
Ecell,,,,#,,
Ecell,,,,/category/video-audio/speaker/,,
Ecell,,,,/category/video-audio/speaker/anker-speaker/,,
Ecell,,,,/category/video-audio/speaker/jbl-speaker/,,
Ecell,,,,/category/video-audio/speaker/sony-speaker/,,
Ecell,,,,/category/video-audio/speaker/speaker-xiaomi/,,
Ecell,,,,/category/video-audio/speaker/harman-kardon-speaker/,,
Ecell,,,,/category/video-audio/speaker/hadron/,,
Ecell,,,,/category/game-console/,,
Ecell,,,,/category/video-audio/speaker/speaker-case/,,
Ecell,,,,/mag/,,
Ecell,,,,https://www.ecell.ir,,
Ecell,,,,https://www.ecell.ir/category/accessories/,,
Ecell,,,,https://www.ecell.ir/category/accessories/phone-screen-protector/,,
Ecell,,,,https://www.ecell.ir/wp-content/uploads/2024/02/apple-watch-45mm-greenlion-hd-glass.jpg,,
Ecell,,,,#,,
Ecell,,,,https://www.ecell.ir/category/accessories/phone-screen-protector/,,
Ecell,,,,https://www.ecell.ir/product-brands/%da%af%d8%b1%db%8c%d9%86-%d9%84%d8%a7%db%8c%d9%86/,,
Ecell,,,,https://www.ecell.ir/compare/,,
Ecell,,,,https://www.ecell.ir/wishlist/,,
Ecell,,,,#,,
Ecell,,,,#tab-additional_information,,
Ecell,,,,#tab-reviews,,
Ecell,,,,/product/apple-watch-45mm-greenlion-hd-glass/#respond,,
Ecell,,,,https://www.ecell.ir/product/xiaomi-11t-buff-5d-phone-glass/,,
Ecell,,,,https://www.ecell.ir/wishlist/,,
Ecell,,,,https://www.ecell.ir/product/xiaomi-11t-buff-5d-phone-glass/,,
Ecell,,,,https://www.ecell.ir/product/xiaomi-11t-buff-5d-phone-glass/,,
Ecell,,,,https://www.ecell.ir/compare/,,
Ecell,,,,https://www.ecell.ir/product/xiaomi-mi-11-lite-buff-5d-phone-glass/,,
Ecell,,,,https://www.ecell.ir/wishlist/,,
Ecell,,,,https://www.ecell.ir/product/xiaomi-mi-11-lite-buff-5d-phone-glass/,,
Ecell,,,,https://www.ecell.ir/product/xiaomi-mi-11-lite-buff-5d-phone-glass/,,
Ecell,,,,https://www.ecell.ir/compare/,,
Ecell,,,,https://www.ecell.ir/product/iphone-12-mini-buff-full-phone-glass/,,
Ecell,,,,https://www.ecell.ir/wishlist/,,
Ecell,,,,https://www.ecell.ir/product/iphone-12-mini-buff-full-phone-glass/,,
Ecell,,,,https://www.ecell.ir/product/iphone-12-mini-buff-full-phone-glass/,,
Ecell,,,,https://www.ecell.ir/compare/,,
Ecell,,,,https://www.ecell.ir/product/iphone-13-buff-phone-glass/,,
Ecell,,,,https://www.ecell.ir/wishlist/,,
Ecell,,,,https://www.ecell.ir/product/iphone-13-buff-phone-glass/,,
Ecell,,,,https://www.ecell.ir/product/iphone-13-buff-phone-glass/,,
Ecell,,,,https://www.ecell.ir/compare/,,
Ecell,,,,https://www.ecell.ir/product/samsung-a32-4g-buff-phone-glass/,,
Ecell,,,,https://www.ecell.ir/wishlist/,,
Ecell,,,,https://www.ecell.ir/product/samsung-a32-4g-buff-phone-glass/,,
Ecell,,,,https://www.ecell.ir/product/samsung-a32-4g-buff-phone-glass/,,
Ecell,,,,https://www.ecell.ir/compare/,,
Ecell,,,,https://www.ecell.ir/product/samsung-s20-hydrogel-buff-phone-glass/,,
Ecell,,,,https://www.ecell.ir/wishlist/,,
Ecell,,,,https://www.ecell.ir/product/samsung-s20-hydrogel-buff-phone-glass/,,
Ecell,,,,https://www.ecell.ir/product/samsung-s20-hydrogel-buff-phone-glass/,,
Ecell,,,,https://www.ecell.ir/compare/,,
Ecell,,,,https://www.ecell.ir/product/samsung-a13-5g-buff-phone-glass/,,
Ecell,,,,https://www.ecell.ir/wishlist/,,
Ecell,,,,https://www.ecell.ir/product/samsung-a13-5g-buff-phone-glass/,,
Ecell,,,,https://www.ecell.ir/product/samsung-a13-5g-buff-phone-glass/,,
Ecell,,,,https://www.ecell.ir/compare/,,
Ecell,,,,https://www.ecell.ir/product/samsung-note-20-ultra-hydrogel-buff-phone-glass/,,
Ecell,,,,https://www.ecell.ir/wishlist/,,
Ecell,,,,https://www.ecell.ir/product/samsung-note-20-ultra-hydrogel-buff-phone-glass/,,
Ecell,,,,https://www.ecell.ir/product/samsung-note-20-ultra-hydrogel-buff-phone-glass/,,
Ecell,,,,https://www.ecell.ir/compare/,,
Ecell,,,,https://www.ecell.ir/product/samsung-s21-plus-hydrogel-buff-phone-glass/,,
Ecell,,,,https://www.ecell.ir/wishlist/,,
Ecell,,,,https://www.ecell.ir/product/samsung-s21-plus-hydrogel-buff-phone-glass/,,
Ecell,,,,https://www.ecell.ir/product/samsung-s21-plus-hydrogel-buff-phone-glass/,,
Ecell,,,,https://www.ecell.ir/compare/,,
Ecell,,,,https://www.ecell.ir/product/samsung-a12-buff-5d-phone-glass/,,
Ecell,,,,https://www.ecell.ir/wishlist/,,
Ecell,,,,https://www.ecell.ir/product/samsung-a12-buff-5d-phone-glass/,,
Ecell,,,,https://www.ecell.ir/product/samsung-a12-buff-5d-phone-glass/,,
Ecell,,,,https://www.ecell.ir/compare/,,
Ecell,,,,https://trustseal.enamad.ir/?id=204502&Code=waEa2qdb0N2jDM7X5V0o,,
Ecell,,,,/about-us/,,
Ecell,,,,/contact-us/,,
Ecell,,,,/mag/,,
Ecell,,,,https://instagram.com/ecell.ir,,
Ecell,,,,https://www.youtube.com/@ecellir,,
Ecell,,,,https://www.t.me/ecellir,,
Ecell,,,,https://wa.me/+989207410693/,,
Ecell,,,,https://www.linkedin.com/company/ecellir,,
Ecell,,,,https://www.aparat.com/Ecell/,,
Ecell,,,,#,,
Ecell,,,,https://www.ecell.ir/category/mobile-phone/,,
Ecell,,,,https://www.ecell.ir/category/mobile-phone/apple-phone/,,
Ecell,,,,https://www.ecell.ir/category/mobile-phone/samsung-phone/,,
Ecell,,,,https://www.ecell.ir/category/mobile-phone/xiaomi-phone/,,
Ecell,,,,https://www.ecell.ir/category/mobile-phone/realme-phone/,,
Ecell,,,,https://www.ecell.ir/category/mobile-phone/huawei-phone/,,
Ecell,,,,https://www.ecell.ir/category/mobile-phone/daria-phone/,,
Ecell,,,,https://www.ecell.ir/category/mobile-phone/nothing-phone/,,
Ecell,,,,https://www.ecell.ir/category/mobile-phone/oneplus-phone/,,
Ecell,,,,https://www.ecell.ir/category/mobile-phone/orod-phone/,,
Ecell,,,,https://www.ecell.ir/category/mobile-phone/gplus-phone/,,
Ecell,,,,https://www.ecell.ir/category/mobile-phone/lg-phone/,,
Ecell,,,,https://www.ecell.ir/category/mobile-phone/motorola-phone/,,
Ecell,,,,https://www.ecell.ir/category/mobile-phone/nokia-phone/,,
Ecell,,,,https://www.ecell.ir/category/mobile-phone/infinix-phone/,,
Ecell,,,,https://www.ecell.ir/category/mobile-phone/honor-phone/,,
Ecell,,,,https://www.ecell.ir/category/tablet/,,
Ecell,,,,https://www.ecell.ir/category/tablet/apple-tablet/,,
Ecell,,,,https://www.ecell.ir/category/tablet/tablet-samsung/,,
Ecell,,,,https://www.ecell.ir/category/tablet/xiaomi-tablet/,,
Ecell,,,,https://www.ecell.ir/category/tablet/huawei-tablet/,,
Ecell,,,,https://www.ecell.ir/category/tablet/nartab-tablet/,,
Ecell,,,,https://www.ecell.ir/category/tablet/lenovo-tablet/,,
Ecell,,,,https://www.ecell.ir/category/band-and-watch/,,
Ecell,,,,https://www.ecell.ir/category/band-and-watch/apple-watch/,,
Ecell,,,,https://www.ecell.ir/category/band-and-watch/samsung-galaxy-watch/,,
Ecell,,,,https://www.ecell.ir/category/band-and-watch/xiaomi-watch/,,
Ecell,,,,https://www.ecell.ir/category/band-and-watch/huawei-watch/,,
Ecell,,,,https://www.ecell.ir/category/band-and-watch/amazfit-smart-watch/,,
Ecell,,,,https://www.ecell.ir/category/band-and-watch/haylou-watch/,,
Ecell,,,,https://www.ecell.ir/category/headphone-headset-handsfree/,,
Ecell,,,,https://www.ecell.ir/category/headphone-headset-handsfree/apple-headphone/,,
Ecell,,,,https://www.ecell.ir/category/headphone-headset-handsfree/samsung-headphone/,,
Ecell,,,,https://www.ecell.ir/category/headphone-headset-handsfree/xiaomi-handsfree/,,
Ecell,,,,https://www.ecell.ir/category/headphone-headset-handsfree/qcy-handsfree/,,
Ecell,,,,https://www.ecell.ir/category/headphone-headset-handsfree/haylou-handsfree/,,
Ecell,,,,https://www.ecell.ir/category/headphone-headset-handsfree/anker-handsfree/,,
Ecell,,,,https://www.ecell.ir/category/headphone-headset-handsfree/huawei-headphone/,,
Ecell,,,,https://www.ecell.ir/category/headphone-headset-handsfree/tesco-headphones/,,
Ecell,,,,https://www.ecell.ir/category/headphone-headset-handsfree/baseus-handsfree/,,
Ecell,,,,https://www.ecell.ir/category/headphone-headset-handsfree/recci-handsfree/,,
Ecell,,,,https://www.ecell.ir/category/power-bank/,,
Ecell,,,,https://www.ecell.ir/category/power-bank/xiaomi-power-bank/,,
Ecell,,,,https://www.ecell.ir/category/power-bank/baseus-power-bank/,,
Ecell,,,,https://www.ecell.ir/category/power-bank/anker-power-bank/,,
Ecell,,,,https://www.ecell.ir/category/power-bank/samsung-powerbank/,,
Ecell,,,,https://www.ecell.ir/category/laptop/,,
Ecell,,,,https://www.ecell.ir/category/laptop/hp-laptop/,,
Ecell,,,,https://www.ecell.ir/category/laptop/msi-laptop/,,
Ecell,,,,https://www.ecell.ir/category/laptop/acer-laptop/,,
Ecell,,,,https://www.ecell.ir/category/laptop/asus-laptop/,,
Ecell,,,,https://www.ecell.ir/category/laptop/lenovo-laptop/,,
Ecell,,,,https://www.ecell.ir/category/laptop/xiaomi-laptop/,,
Ecell,,,,https://www.ecell.ir/category/laptop/huawei-laptop/,,
Ecell,,,,https://www.ecell.ir/category/accessories/,,
Ecell,,,,https://www.ecell.ir/category/accessories/charger/,,
Ecell,,,,https://www.ecell.ir/category/accessories/cables-converter/,,
Ecell,,,,https://www.ecell.ir/category/accessories/memory-cards/,,
Ecell,,,,https://www.ecell.ir/category/accessories/flash-memory/,,
Ecell,,,,https://www.ecell.ir/category/accessories/phone-frame-and-cover/,,
Ecell,,,,https://www.ecell.ir/category/band-and-watch/watch-accessories/,,
Ecell,,,,https://www.ecell.ir/category/band-and-watch/watch-accessories/smart-watch-cover/,,
Ecell,,,,https://www.ecell.ir/category/band-and-watch/watch-accessories/smart-watch-band/,,
Ecell,,,,https://www.ecell.ir/category/accessories/camera-protector/,,
Ecell,,,,https://www.ecell.ir/category/accessories/phone-holder/,,
Ecell,,,,https://www.ecell.ir/category/accessories/power-protector-plug/,,
Ecell,,,,https://www.ecell.ir/category/band-and-watch/watch-accessories/watch-screen-protector/,,
Ecell,,,,https://www.ecell.ir/category/accessories/phone-screen-protector/,,
Ecell,,,,https://www.ecell.ir/category/video-audio/,,
Ecell,,,,https://www.ecell.ir/category/video-audio/speaker/,,
Ecell,,,,https://www.ecell.ir/category/video-audio/television/,,
Ecell,,,,/mag,,
Ecell,,,,#,,
Ecell,,,,https://www.ecell.ir/product/apple-watch-45mm-greenlion-hd-glass/,,
Ecell,,,,https://www.ecell.ir/compare/,,
Ecell,,,,https://www.ecell.ir/wishlist/,,
Ecell,,,,/category,,
Ecell,,,,https://ecell.ir/,,
Ecell,,,,https://www.ecell.ir/cart/,,
Ecell,,,,/my-account,,
Isatis,گوشی اپل مدل Apple iPhone 13 128GB,https://mobileisatis.ir/wp-content/uploads/2023/12/3c193d9b3c83dd2575119b75771e958b.png,"56,000,000تومان",https://mobileisatis.ir/,"('h2_1', 'سنگ تمام ایسوس برای پرچمدار پلتفرم AM4')",
Isatis,,https://mobileisatis.ir/wp-content/uploads/2023/12/3c193d9b3c83dd2575119b75771e958b.png,,#,"('h3_1', 'معرفی مادربرد ROG Crosshair VIII Extreme ایسوس')",
Isatis,,https://mobileisatis.ir/wp-content/uploads/2022/01/mega-menu-category.svg,,https://mobileisatis.ir/,"('img_1', 'https://mobileisatis.ir/wp-content/uploads/2021/09/ASUS-ROG-Crosshair-VIII-Extreme-Motherboard-_2-1480x1088-Copy.jpg.webp')",
Isatis,,https://mobileisatis.ir/wp-content/uploads/2022/01/0000404_-apple-iphone-13-128gb-800x800.jpg,,https://mobileisatis.ir/cart/,"('img_2', 'https://mobileisatis.ir/wp-content/uploads/2021/09/ASUS-ROG-Crosshair-VIII-Extreme-Motherboard-_5-1088x1480-Copy.jpg.webp')",
Isatis,,https://mobileisatis.ir/wp-content/uploads/2022/01/0000456_TikaKala-picture-35080-800x800.jpg,,https://mobileisatis.ir/product-category/%d9%85%d9%88%d8%a8%d8%a7%db%8c%d9%84/,,
Isatis,,https://mobileisatis.ir/wp-content/uploads/2022/01/0000404_-apple-iphone-13-128gb-150x150.jpg,,https://mobileisatis.ir/product-category/%d9%84%d9%88%d8%a7%d8%b2%d9%85-%d8%ac%d8%a7%d9%86%d8%a8%db%8c/,,
Isatis,,https://mobileisatis.ir/wp-content/uploads/2022/01/0000456_TikaKala-picture-35080-150x150.jpg,,https://mobileisatis.ir/product-category/%d9%84%d9%88%d8%a7%d8%b2%d9%85-%d8%ac%d8%a7%d9%86%d8%a8%db%8c/%d8%a2%d8%af%d8%a7%d9%be%d8%aa%d9%88%d8%b1/,,
Isatis,,https://mobileisatis.ir/wp-content/uploads/2022/01/0010567_-note-10-pro-india-128-8--400x400.jpeg,,https://mobileisatis.ir/product-category/%d9%84%d9%88%d8%a7%d8%b2%d9%85-%d8%ac%d8%a7%d9%86%d8%a8%db%8c/%d9%be%d8%a7%d9%88%d8%b1-%d8%a8%d8%a7%d9%86%da%a9/,,
Isatis,,https://mobileisatis.ir/wp-content/uploads/2022/01/0000456_TikaKala-picture-35080-400x400.jpg,,https://mobileisatis.ir/product-category/%d9%84%d9%88%d8%a7%d8%b2%d9%85-%d8%ac%d8%a7%d9%86%d8%a8%db%8c/%d8%b3%d8%a7%d8%b9%d8%aa-%d9%87%d9%88%d8%b4%d9%85%d9%86%d8%af/,,
Isatis,,https://mobileisatis.ir/wp-content/uploads/2021/09/ASUS-ROG-Crosshair-VIII-Extreme-Motherboard-_2-1480x1088-Copy.jpg.webp,,https://mobileisatis.ir/product-category/%d9%84%d9%88%d8%a7%d8%b2%d9%85-%d8%ac%d8%a7%d9%86%d8%a8%db%8c/%d9%87%d9%86%d8%af%d8%b2%d9%81%d8%b1%db%8c/,,
Isatis,,https://mobileisatis.ir/wp-content/uploads/2021/09/ASUS-ROG-Crosshair-VIII-Extreme-Motherboard-_5-1088x1480-Copy.jpg.webp,,#,,
Isatis,,https://mobileisatis.ir/wp-content/uploads/2022/01/0000411_-apple-iphone-13-256gb-400x400.jpg,,https://mobileisatis.ir/%d8%b4%d8%b1%d8%a7%db%8c%d8%b7-%da%af%d8%a7%d8%b1%d8%a7%d9%86%d8%aa%db%8c/,,
Isatis,,https://mobileisatis.ir/wp-content/uploads/2022/01/0000418_-apple-iphone-13-512gb-400x400.jpg,,https://mobileisatis.ir/%d9%86%d9%85%d8%a7%db%8c%d9%86%d8%af%da%af%db%8c-%d9%87%d8%a7%db%8c-%d8%ae%d8%af%d9%85%d8%a7%d8%aa-%d9%be%d8%b3-%d8%a7%d8%b2-%d9%81%d8%b1%d9%88%d8%b4/,,
Isatis,,https://mobileisatis.ir/wp-content/uploads/2021/09/0000425_TikaKala-picture-35083-400x400.jpg,,https://mobileisatis.ir/%d8%ae%d8%af%d9%85%d8%a7%d8%aa-%d9%be%d8%b3-%d8%a7%d8%b2-%d9%81%d8%b1%d9%88%d8%b4-%d8%af%d8%b1%d8%a8-%d9%85%d9%86%d8%b2%d9%84/,,
Isatis,,https://mobileisatis.ir/wp-content/uploads/2022/01/0010567_-note-10-pro-india-128-8--400x400.jpeg,,https://mobileisatis.ir/%d8%aa%d8%b9%d9%85%db%8c%d8%b1%d8%a7%d8%aa-%d9%84%d9%88%d8%a7%d8%b2%d9%85-%d8%ac%d8%a7%d9%86%d8%a8%db%8c%d8%a7%db%8c%d8%b1%d9%be%d8%a7%d8%af%d8%8c-%d8%b3%d8%a7%d8%b9%d8%aa-%d9%87%d9%88%d8%b4%d9%85/,,
Isatis,,https://mobileisatis.ir/wp-content/uploads/2022/01/0000456_TikaKala-picture-35080-400x400.jpg,,https://mobileisatis.ir/%d8%ac%d8%b4%d9%86%d9%88%d8%a7%d8%b1%d9%87-%d8%ac%d9%88%d8%a7%db%8c%d8%b2-%d8%b1%d8%b3%d8%a7-%d8%a7%d8%b1%d8%aa%d8%a8%d8%a7%d8%b7%d8%a7%d8%aa-%d8%a7%db%8c%d8%b3%d8%a7%d8%aa%db%8c%d8%b3/,,
Isatis,,https://mobileisatis.ir/wp-content/uploads/2020/01/bird-1024x46.png,,https://mobileisatis.ir/%d9%87%d9%85%d8%aa%d8%a7/,,
Isatis,,https://mobileisatis.ir/wp-content/uploads/2020/01/enamad.png,,#,,
Isatis,,https://mobileisatis.ir/wp-content/uploads/2020/01/samandehi.png,,https://mobileisatis.ir/%d8%b4%da%a9%d8%a7%db%8c%d8%a7%d8%aa/,,
Isatis,,https://mobileisatis.ir/wp-content/uploads/2023/12/3c193d9b3c83dd2575119b75771e958b.png,,https://mobileisatis.ir/%d9%86%d8%b8%d8%b1%d8%b3%d9%86%d8%ac%db%8c/,,
Isatis,,https://mobileisatis.ir/wp-content/uploads/2022/01/0000404_-apple-iphone-13-128gb-400x400.jpg,,https://mobileisatis.ir/%d8%af%d8%b1%d8%a8%d8%a7%d8%b1%d9%87-%d9%85%d8%a7/,,
Isatis,,,,https://mobileisatis.ir/contact-us/,,
Isatis,,,,https://mobileisatis.ir/cart/,,
Isatis,,,,https://mobileisatis.ir/wishlist/,,
Isatis,,,,https://mobileisatis.ir/compare/,,
Isatis,,,,https://mobileisatis.ir/my-account/,,
Isatis,,,,https://mobileisatis.ir/wp-content/uploads/2022/01/0000404_-apple-iphone-13-128gb.jpg,,
Isatis,,,,https://mobileisatis.ir/wp-content/uploads/2022/01/0000456_TikaKala-picture-35080.jpg,,
Isatis,,,,#,,
Isatis,,,,https://mobileisatis.ir,,
Isatis,,,,https://mobileisatis.ir/product-category/%d9%85%d9%88%d8%a8%d8%a7%db%8c%d9%84/,,
Isatis,,,,https://mobileisatis.ir/product/%da%af%d9%88%d8%b4%db%8c-%d9%85%d9%88%d8%a8%d8%a7%db%8c%d9%84-samsung-galaxy-a02-3gb-64gb/,,
Isatis,,,,https://mobileisatis.ir/product/%da%af%d9%88%d8%b4%db%8c-%d9%85%d9%88%d8%a8%d8%a7%db%8c%d9%84-samsung-galaxy-a02-3gb-64gb/,,
Isatis,,,,https://mobileisatis.ir/product/%da%af%d9%88%d8%b4%db%8c-%d9%85%d9%88%d8%a8%d8%a7%db%8c%d9%84-samsung-galaxy-a02-3gb-64gb/,,
Isatis,,,,https://mobileisatis.ir/shop/,,
Isatis,,,,https://mobileisatis.ir/product/%da%af%d9%88%d8%b4%db%8c-%d9%85%d9%88%d8%a8%d8%a7%db%8c%d9%84-%d8%a7%d9%be%d9%84-%d9%85%d8%af%d9%84-iphone-12-pro-max-512gb/,,
Isatis,,,,https://mobileisatis.ir/product/%da%af%d9%88%d8%b4%db%8c-%d9%85%d9%88%d8%a8%d8%a7%db%8c%d9%84-%d8%a7%d9%be%d9%84-%d9%85%d8%af%d9%84-iphone-12-pro-max-512gb/,,
Isatis,,,,https://mobileisatis.ir/product/%da%af%d9%88%d8%b4%db%8c-%d9%85%d9%88%d8%a8%d8%a7%db%8c%d9%84-%d8%a7%d9%be%d9%84-%d9%85%d8%af%d9%84-iphone-12-pro-max-512gb/,,
Isatis,,,,https://mobileisatis.ir/compare/,,
Isatis,,,,https://mobileisatis.ir/wishlist/,,
Isatis,,,,https://mobileisatis.ir/product-category/%d9%85%d9%88%d8%a8%d8%a7%db%8c%d9%84/,,
Isatis,,,,https://www.facebook.com/sharer/sharer.php?u=https://mobileisatis.ir/product/%da%af%d9%88%d8%b4%db%8c-%d8%a7%d9%be%d9%84-%d9%85%d8%af%d9%84-apple-iphone-13-128gb/,,
Isatis,,,,https://twitter.com/share?url=https://mobileisatis.ir/product/%da%af%d9%88%d8%b4%db%8c-%d8%a7%d9%be%d9%84-%d9%85%d8%af%d9%84-apple-iphone-13-128gb/,,
Isatis,,,,https://pinterest.com/pin/create/button/?url=https://mobileisatis.ir/product/%da%af%d9%88%d8%b4%db%8c-%d8%a7%d9%be%d9%84-%d9%85%d8%af%d9%84-apple-iphone-13-128gb/&media=https://mobileisatis.ir/wp-content/uploads/2022/01/0000404_-apple-iphone-13-128gb.jpg&description=%DA%AF%D9%88%D8%B4%DB%8C+%D8%A7%D9%BE%D9%84+%D9%85%D8%AF%D9%84+Apple+iPhone+13+128GB,,
Isatis,,,,https://www.linkedin.com/shareArticle?mini=true&url=https://mobileisatis.ir/product/%da%af%d9%88%d8%b4%db%8c-%d8%a7%d9%be%d9%84-%d9%85%d8%af%d9%84-apple-iphone-13-128gb/,,
Isatis,,,,https://telegram.me/share/url?url=https://mobileisatis.ir/product/%da%af%d9%88%d8%b4%db%8c-%d8%a7%d9%be%d9%84-%d9%85%d8%af%d9%84-apple-iphone-13-128gb/,,
Isatis,,,,#tab-description,,
Isatis,,,,#tab-reviews,,
Isatis,,,,/product/%DA%AF%D9%88%D8%B4%DB%8C-%D8%A7%D9%BE%D9%84-%D9%85%D8%AF%D9%84-apple-iphone-13-128gb/#respond,,
Isatis,,,,https://mobileisatis.ir/product/%da%af%d9%88%d8%b4%db%8c-%d8%a7%d9%be%d9%84-%d9%85%d8%af%d9%84-apple-iphone-13-pro-128gb/,,
Isatis,,,,https://mobileisatis.ir/compare/,,
Isatis,,,,https://mobileisatis.ir/product/%da%af%d9%88%d8%b4%db%8c-%d8%a7%d9%be%d9%84-%d9%85%d8%af%d9%84-apple-iphone-13-pro-128gb/,,
Isatis,,,,#,,
Isatis,,,,https://mobileisatis.ir/wishlist/,,
Isatis,,,,https://mobileisatis.ir/product/%da%af%d9%88%d8%b4%db%8c-%d8%a7%d9%be%d9%84-%d9%85%d8%af%d9%84-apple-iphone-13-pro-128gb/,,
Isatis,,,,https://mobileisatis.ir/product/%da%af%d9%88%d8%b4%db%8c-%d8%a7%d9%be%d9%84-%d9%85%d8%af%d9%84-apple-iphone-13-pro-128gb/,,
Isatis,,,,https://mobileisatis.ir/product/%da%af%d9%88%d8%b4%db%8c-%d8%a7%d9%be%d9%84-%d9%85%d8%af%d9%84-apple-iphone-13-512gb/,,
Isatis,,,,https://mobileisatis.ir/compare/,,
Isatis,,,,https://mobileisatis.ir/product/%da%af%d9%88%d8%b4%db%8c-%d8%a7%d9%be%d9%84-%d9%85%d8%af%d9%84-apple-iphone-13-512gb/,,
Isatis,,,,#,,
Isatis,,,,https://mobileisatis.ir/wishlist/,,
Isatis,,,,https://mobileisatis.ir/product/%da%af%d9%88%d8%b4%db%8c-%d8%a7%d9%be%d9%84-%d9%85%d8%af%d9%84-apple-iphone-13-512gb/,,
Isatis,,,,https://mobileisatis.ir/product/%da%af%d9%88%d8%b4%db%8c-%d8%a7%d9%be%d9%84-%d9%85%d8%af%d9%84-apple-iphone-13-512gb/,,
Isatis,,,,https://mobileisatis.ir/product/%d9%85%d8%a7%d8%af%d8%b1%d8%a8%d8%b1%d8%af-msi-%d9%85%d8%af%d9%84-creator-trx40/,,
Isatis,,,,https://mobileisatis.ir/compare/,,
Isatis,,,,https://mobileisatis.ir/product/%d9%85%d8%a7%d8%af%d8%b1%d8%a8%d8%b1%d8%af-msi-%d9%85%d8%af%d9%84-creator-trx40/,,
Isatis,,,,#,,
Isatis,,,,https://mobileisatis.ir/wishlist/,,
Isatis,,,,https://mobileisatis.ir/product/%d9%85%d8%a7%d8%af%d8%b1%d8%a8%d8%b1%d8%af-msi-%d9%85%d8%af%d9%84-creator-trx40/,,
Isatis,,,,https://mobileisatis.ir/product/%d9%85%d8%a7%d8%af%d8%b1%d8%a8%d8%b1%d8%af-msi-%d9%85%d8%af%d9%84-creator-trx40/,,
Isatis,,,,https://mobileisatis.ir/product/%da%af%d9%88%d8%b4%db%8c-%d9%85%d9%88%d8%a8%d8%a7%db%8c%d9%84-samsung-galaxy-a02-3gb-64gb/,,
Isatis,,,,https://mobileisatis.ir/compare/,,
Isatis,,,,https://mobileisatis.ir/product/%da%af%d9%88%d8%b4%db%8c-%d9%85%d9%88%d8%a8%d8%a7%db%8c%d9%84-samsung-galaxy-a02-3gb-64gb/,,
Isatis,,,,#,,
Isatis,,,,https://mobileisatis.ir/wishlist/,,
Isatis,,,,https://mobileisatis.ir/product/%da%af%d9%88%d8%b4%db%8c-%d9%85%d9%88%d8%a8%d8%a7%db%8c%d9%84-samsung-galaxy-a02-3gb-64gb/,,
Isatis,,,,https://mobileisatis.ir/product/%da%af%d9%88%d8%b4%db%8c-%d9%85%d9%88%d8%a8%d8%a7%db%8c%d9%84-samsung-galaxy-a02-3gb-64gb/,,
Isatis,,,,https://mobileisatis.ir/product/%da%af%d9%88%d8%b4%db%8c-%d9%85%d9%88%d8%a8%d8%a7%db%8c%d9%84-%d8%a7%d9%be%d9%84-%d9%85%d8%af%d9%84-iphone-12-pro-max-512gb/,,
Isatis,,,,https://mobileisatis.ir/compare/,,
Isatis,,,,https://mobileisatis.ir/product/%da%af%d9%88%d8%b4%db%8c-%d9%85%d9%88%d8%a8%d8%a7%db%8c%d9%84-%d8%a7%d9%be%d9%84-%d9%85%d8%af%d9%84-iphone-12-pro-max-512gb/,,
Isatis,,,,#,,
Isatis,,,,https://mobileisatis.ir/wishlist/,,
Isatis,,,,https://mobileisatis.ir/product/%da%af%d9%88%d8%b4%db%8c-%d9%85%d9%88%d8%a8%d8%a7%db%8c%d9%84-%d8%a7%d9%be%d9%84-%d9%85%d8%af%d9%84-iphone-12-pro-max-512gb/,,
Isatis,,,,https://mobileisatis.ir/product/%da%af%d9%88%d8%b4%db%8c-%d9%85%d9%88%d8%a8%d8%a7%db%8c%d9%84-%d8%a7%d9%be%d9%84-%d9%85%d8%af%d9%84-iphone-12-pro-max-512gb/,,
Isatis,,,,#,,
Isatis,,,,#,,
Isatis,,,,#,,
Isatis,,,,https://mobileisatis.ir/product-category/%d9%85%d9%88%d8%a8%d8%a7%db%8c%d9%84/,,
Isatis,,,,https://mobileisatis.ir/product-category/%d9%84%d9%88%d8%a7%d8%b2%d9%85-%d8%ac%d8%a7%d9%86%d8%a8%db%8c/,,
Isatis,,,,https://mobileisatis.ir/product-category/%d9%84%d9%88%d8%a7%d8%b2%d9%85-%d8%ac%d8%a7%d9%86%d8%a8%db%8c/%d8%a2%d8%af%d8%a7%d9%be%d8%aa%d9%88%d8%b1/,,
Isatis,,,,https://mobileisatis.ir/product-category/%d9%84%d9%88%d8%a7%d8%b2%d9%85-%d8%ac%d8%a7%d9%86%d8%a8%db%8c/%d9%be%d8%a7%d9%88%d8%b1-%d8%a8%d8%a7%d9%86%da%a9/,,
Isatis,,,,https://mobileisatis.ir/product-category/%d9%84%d9%88%d8%a7%d8%b2%d9%85-%d8%ac%d8%a7%d9%86%d8%a8%db%8c/%d8%b3%d8%a7%d8%b9%d8%aa-%d9%87%d9%88%d8%b4%d9%85%d9%86%d8%af/,,
Isatis,,,,https://mobileisatis.ir/product-category/%d9%84%d9%88%d8%a7%d8%b2%d9%85-%d8%ac%d8%a7%d9%86%d8%a8%db%8c/%d9%87%d9%86%d8%af%d8%b2%d9%81%d8%b1%db%8c/,,
Isatis,,,,#,,
Isatis,,,,https://mobileisatis.ir/%d8%b4%d8%b1%d8%a7%db%8c%d8%b7-%da%af%d8%a7%d8%b1%d8%a7%d9%86%d8%aa%db%8c/,,
Isatis,,,,https://mobileisatis.ir/%d9%86%d9%85%d8%a7%db%8c%d9%86%d8%af%da%af%db%8c-%d9%87%d8%a7%db%8c-%d8%ae%d8%af%d9%85%d8%a7%d8%aa-%d9%be%d8%b3-%d8%a7%d8%b2-%d9%81%d8%b1%d9%88%d8%b4/,,
Isatis,,,,https://mobileisatis.ir/%d8%ae%d8%af%d9%85%d8%a7%d8%aa-%d9%be%d8%b3-%d8%a7%d8%b2-%d9%81%d8%b1%d9%88%d8%b4-%d8%af%d8%b1%d8%a8-%d9%85%d9%86%d8%b2%d9%84/,,
Isatis,,,,https://mobileisatis.ir/%d8%aa%d8%b9%d9%85%db%8c%d8%b1%d8%a7%d8%aa-%d9%84%d9%88%d8%a7%d8%b2%d9%85-%d8%ac%d8%a7%d9%86%d8%a8%db%8c%d8%a7%db%8c%d8%b1%d9%be%d8%a7%d8%af%d8%8c-%d8%b3%d8%a7%d8%b9%d8%aa-%d9%87%d9%88%d8%b4%d9%85/,,
Isatis,,,,https://mobileisatis.ir/%d8%ac%d8%b4%d9%86%d9%88%d8%a7%d8%b1%d9%87-%d8%ac%d9%88%d8%a7%db%8c%d8%b2-%d8%b1%d8%b3%d8%a7-%d8%a7%d8%b1%d8%aa%d8%a8%d8%a7%d8%b7%d8%a7%d8%aa-%d8%a7%db%8c%d8%b3%d8%a7%d8%aa%db%8c%d8%b3/,,
Isatis,,,,https://mobileisatis.ir/%d9%87%d9%85%d8%aa%d8%a7/,,
Isatis,,,,#,,
Isatis,,,,https://mobileisatis.ir/%d8%b4%da%a9%d8%a7%db%8c%d8%a7%d8%aa/,,
Isatis,,,,https://mobileisatis.ir/%d9%86%d8%b8%d8%b1%d8%b3%d9%86%d8%ac%db%8c/,,
Isatis,,,,https://mobileisatis.ir/%d8%af%d8%b1%d8%a8%d8%a7%d8%b1%d9%87-%d9%85%d8%a7/,,
Isatis,,,,https://mobileisatis.ir/contact-us/,,
Isatis,,,,https://mobileisatis.ir/wishlist/,,
Isatis,,,,https://mobileisatis.ir/compare/,,
Isatis,,,,https://mobileisatis.ir/my-account/,,
Isatis,,,,#,,
Isatis,,,,javascript:void(0);,,
Isatis,,,,#,,
Isatis,,,,https://mobileisatis.ir/my-account/lost-password/,,
Isatis,,,,https://mobileisatis.ir/my-account/?action=register,,
Isatis,,,,https://mobileisatis.ir/compare/,,
Isatis,,,,https://mobileisatis.ir/wishlist/,,
Isatis,,,,https://mobileisatis.ir/shop/,,
Isatis,,,,https://mobileisatis.ir/wishlist/,,
Isatis,,,,https://mobileisatis.ir/cart/,,
Isatis,,,,https://mobileisatis.ir/my-account/,,
